[{"model": "sessions.session", "pk": "4jyukzwkbmjxetu5sykezt1mwa1ts2x6", "fields": {"session_data": ".eJxVjLsOwjAMAP_FM4pMXk06svcbKttxaAG1Uh8T4t9RpQ6w3p3uDT3t29Dvqy79WKCFK1x-GZM8dTpEedB0n43M07aMbI7EnHY13Vz0dTvbv8FA6wAtJI-MTrmKVNYam2CbXNAn9i6wR-Va0EtyaKM4qWgzB82xUCZLwcPnC_o3OFc:1wMmhR:8kUYLmex8Kpz9X2iJ5TZ8mArp0vS5I9GA1kxAI12uTI", "expire_date": "2026-05-26T12:59:01.954Z"}}, {"model": "sessions.session", "pk": "6ogdhmwik1lpjdt67pw6pniww55rhoya", "fields": {"session_data": ".eJxVjLsOwjAMAP_FM4pMXk06svcbKttxaAG1Uh8T4t9RpQ6w3p3uDT3t29Dvqy79WKCFK1x-GZM8dTpEedB0n43M07aMbI7EnHY13Vz0dTvbv8FA6wAtJI-MTrmKVNYam2CbXNAn9i6wR-Va0EtyaKM4qWgzB82xUCZLwcPnC_o3OFc:1wMM01:OGRpKZ15D6F7Cmx5vn6UxqIttK9oBUjEp2Hkd7NIhb8", "expire_date": "2026-05-25T08:28:25.566Z"}}, {"model": "sessions.session", "pk": "n9hir9wip1nvzc55zmcdzuqm2q1nv82e", "fields": {"session_data": ".eJxVjLsOwjAMAP_FM4pMXk06svcbKttxaAG1Uh8T4t9RpQ6w3p3uDT3t29Dvqy79WKCFK1x-GZM8dTpEedB0n43M07aMbI7EnHY13Vz0dTvbv8FA6wAtJI-MTrmKVNYam2CbXNAn9i6wR-Va0EtyaKM4qWgzB82xUCZLwcPnC_o3OFc:1wMLzz:toUdIHHhOzBm9XjWQaaXG__k9Hy3Zpx1P96iG1MCYAc", "expire_date": "2026-05-25T08:28:23.450Z"}}, {"model": "sessions.session", "pk": "ncdg7a2x8ayzmne8f0f54puh8rrbb2ev", "fields": {"session_data": ".eJxVjLsOwjAMAP_FM4pMXk06svcbKttxaAG1Uh8T4t9RpQ6w3p3uDT3t29Dvqy79WKCFK1x-GZM8dTpEedB0n43M07aMbI7EnHY13Vz0dTvbv8FA6wAtJI-MTrmKVNYam2CbXNAn9i6wR-Va0EtyaKM4qWgzB82xUCZLwcPnC_o3OFc:1wMM01:OGRpKZ15D6F7Cmx5vn6UxqIttK9oBUjEp2Hkd7NIhb8", "expire_date": "2026-05-25T08:28:25.312Z"}}, {"model": "store.branch", "pk": 1, "fields": {"name": "Saar Branch", "address": "Saar, Northern Governorate, Bahrain", "phone": "+973 17000001"}}, {"model": "store.branch", "pk": 2, "fields": {"name": "Arad Branch", "address": "Arad, Muharraq Governorate, Bahrain", "phone": "+973 17000002"}}, {"model": "store.user", "fields": {"password": "pbkdf2_sha256$1200000$w0gyjK1d8VKGVD6LKLXNkK$dv9F/BP8dhLfGmK7nm+/q5ElCvE4GjgeWWqDH6pI65g=", "last_login": "2026-05-12T12:59:01.934Z", "is_superuser": true, "username": "maltammam", "first_name": "Maryam", "last_name": "Altammam", "email": "mrymst03@gmail.com", "is_staff": true, "is_active": true, "date_joined": "2026-05-06T10:32:07Z", "branch": 1, "groups": [], "user_permissions": [["add_logentry", "admin", "logentry"], ["change_logentry", "admin", "logentry"], ["delete_logentry", "admin", "logentry"], ["view_logentry", "admin", "logentry"], ["add_group", "auth", "group"], ["change_group", "auth", "group"], ["delete_group", "auth", "group"], ["view_group", "auth", "group"], ["add_permission", "auth", "permission"], ["change_permission", "auth", "permission"], ["delete_permission", "auth", "permission"], ["view_permission", "auth", "permission"], ["add_contenttype", "contenttypes", "contenttype"], ["change_contenttype", "contenttypes", "contenttype"], ["delete_contenttype", "contenttypes", "contenttype"], ["view_contenttype", "contenttypes", "contenttype"], ["add_session", "sessions", "session"], ["change_session", "sessions", "session"], ["delete_session", "sessions", "session"], ["view_session", "sessions", "session"], ["add_branch", "store", "branch"], ["change_branch", "store", "branch"], ["delete_branch", "store", "branch"], ["view_branch", "store", "branch"], ["add_customer", "store", "customer"], ["change_customer", "store", "customer"], ["delete_customer", "store", "customer"], ["view_customer", "store", "customer"], ["add_order", "store", "order"], ["change_order", "store", "order"], ["delete_order", "store", "order"], ["view_order", "store", "order"], ["add_orderitem", "store", "orderitem"], ["change_orderitem", "store", "orderitem"], ["delete_orderitem", "store", "orderitem"], ["view_orderitem", "store", "orderitem"], ["add_product", "store", "product"], ["change_product", "store", "product"], ["delete_product", "store", "product"], ["view_product", "store", "product"], ["add_productdetails", "store", "productdetails"], ["change_productdetails", "store", "productdetails"], ["delete_productdetails", "store", "productdetails"], ["view_productdetails", "store", "productdetails"], ["add_stock", "store", "stock"], ["change_stock", "store", "stock"], ["delete_stock", "store", "stock"], ["view_stock", "store", "stock"], ["add_user", "store", "user"], ["change_user", "store", "user"], ["delete_user", "store", "user"], ["view_user", "store", "user"]]}}, {"model": "store.user", "fields": {"password": "pbkdf2_sha256$1200000$cF7ZBVxGwMNLTXYJbODUnO$6FTvcos33lPQNrNaXbxJVbYnRZQ6o08kIqPOPl60Ad0=", "last_login": null, "is_superuser": false, "username": "Fatema_Alnajjas", "first_name": "Fatema", "last_name": "Alnajjas", "email": "Falnajjas@gmail.com", "is_staff": false, "is_active": true, "date_joined": "2026-05-06T10:42:48Z", "branch": 1, "groups": [], "user_permissions": [["view_branch", "store", "branch"]]}}, {"model": "store.user", "fields": {"password": "pbkdf2_sha256$1200000$4QTDRv9QCAYRc8A6wcHTl6$62z6bsiIs0ar1kcznY/SA0Z46Aoj7VbTn+6eLNDKEEI=", "last_login": null, "is_superuser": false, "username": "Zainab_Aljad", "first_name": "Zainab", "last_name": "Aljad", "email": "Zainab@gmail.com", "is_staff": false, "is_active": true, "date_joined": "2026-05-06T11:38:43Z", "branch": 2, "groups": [], "user_permissions": [["view_branch", "store", "branch"]]}}, {"model": "store.category", "pk": 1, "fields": {"name": "Living Room"}}, {"model": "store.category", "pk": 2, "fields": {"name": "Outdoor"}}, {"model": "store.category", "pk": 3, "fields": {"name": "Office"}}, {"model": "store.category", "pk": 4, "fields": {"name": "Bedroom"}}, {"model": "store.product", "pk": 1, "fields": {"category": 1, "name": "Oslo Sofa", "product_details": "Modern 3-seater sofa with wooden legs", "price": "320.00"}}, {"model": "store.product", "pk": 2, "fields": {"category": 3, "name": "Milano Desk", "product_details": "Spacious office desk with drawers", "price": "180.00"}}, {"model": "store.product", "pk": 3, "fields": {"category": 3, "name": "Porto Chair", "product_details": "Ergonomic office chair", "price": "95.00"}}, {"model": "store.product", "pk": 4, "fields": {"category": 4, "name": "Nordic Bed", "product_details": "Minimalist bed frame with wooden legs", "price": "60.00"}}, {"model": "store.product", "pk": 5, "fields": {"category": 1, "name": "Cairo Armchair", "product_details": "Comfortable armchair with soft fabric", "price": "33.00"}}, {"model": "store.product", "pk": 6, "fields": {"category": 2, "name": "Garden Sofa Set", "product_details": "Weather-resistant outdoor sofa set with cushions", "price": "170.00"}}, {"model": "store.productdetails", "pk": 1, "fields": {"product": 1, "code": "SOF-001", "color": "Grey", "size": "3-Seater", "price": "320.00", "image": "products/Gemini_Generated_Image_skbkftskbkftskbk.png"}}, {"model": "store.productdetails", "pk": 2, "fields": {"product": 1, "code": "SOF-002", "color": "Beige", "size": "3-Seater", "price": "320.00", "image": "products/Gemini_Generated_Image_qiftaxqiftaxqift.png"}}, {"model": "store.productdetails", "pk": 3, "fields": {"product": 2, "code": "DSK-001", "color": "Oak", "size": "160x80cm", "price": "180.00", "image": "products/Gemini_Generated_Image_899zz5899zz5899z.png"}}, {"model": "store.productdetails", "pk": 4, "fields": {"product": 3, "code": "CHR-001", "color": "Black", "size": "Standard", "price": "95.00", "image": "products/Gemini_Generated_Image_4okafx4okafx4oka.png"}}, {"model": "store.productdetails", "pk": 5, "fields": {"product": 3, "code": "CHR-002", "color": "Green", "size": "Standard", "price": "98.00", "image": "products/Gemini_Generated_Image_27rvsw27rvsw27rv.png"}}, {"model": "store.productdetails", "pk": 6, "fields": {"product": 4, "code": "BED-001", "color": "Grey", "size": "Queen", "price": "60.00", "image": "products/Gemini_Generated_Image_9wtfn79wtfn79wtf.png"}}, {"model": "store.productdetails", "pk": 7, "fields": {"product": 4, "code": "BED-002", "color": "Oak", "size": "Queen", "price": "62.00", "image": "products/Gemini_Generated_Image_96s3ts96s3ts96s3.png"}}, {"model": "store.productdetails", "pk": 8, "fields": {"product": 4, "code": "BED-003", "color": "White", "size": "Queen", "price": "60.00", "image": "products/Gemini_Generated_Image_hueur8hueur8hueu.png"}}, {"model": "store.productdetails", "pk": 9, "fields": {"product": 5, "code": "CHR-003", "color": "Grey", "size": "Standard", "price": "33.00", "image": "products/chair.png"}}, {"model": "store.productdetails", "pk": 10, "fields": {"product": 5, "code": "CHR-004", "color": "Pink", "size": "Standard", "price": "33.00", "image": "products/pink.png"}}, {"model": "store.productdetails", "pk": 11, "fields": {"product": 6, "code": "OUT-001", "color": "Brown", "size": "5-Seater", "price": "170.00", "image": "products/Gemini_Generated_Image_6bonam6bonam6bon.png"}}, {"model": "store.stock", "pk": 1, "fields": {"product_details": 1, "branch": 1, "location_type": "showroom", "quantity": 2}}, {"model": "store.stock", "pk": 2, "fields": {"product_details": 1, "branch": 1, "location_type": "warehouse", "quantity": 12}}, {"model": "store.stock", "pk": 3, "fields": {"product_details": 1, "branch": 2, "location_type": "warehouse", "quantity": 18}}, {"model": "store.stock", "pk": 4, "fields": {"product_details": 1, "branch": 2, "location_type": "showroom", "quantity": 3}}, {"model": "store.stock", "pk": 5, "fields": {"product_details": 2, "branch": 2, "location_type": "showroom", "quantity": 0}}, {"model": "store.stock", "pk": 6, "fields": {"product_details": 2, "branch": 2, "location_type": "warehouse", "quantity": 0}}, {"model": "store.stock", "pk": 7, "fields": {"product_details": 2, "branch": 1, "location_type": "showroom", "quantity": 0}}, {"model": "store.stock", "pk": 8, "fields": {"product_details": 2, "branch": 1, "location_type": "warehouse", "quantity": 0}}, {"model": "store.stock", "pk": 9, "fields": {"product_details": 3, "branch": 2, "location_type": "showroom", "quantity": 1}}, {"model": "store.stock", "pk": 10, "fields": {"product_details": 3, "branch": 2, "location_type": "warehouse", "quantity": 10}}, {"model": "store.stock", "pk": 11, "fields": {"product_details": 3, "branch": 1, "location_type": "showroom", "quantity": 1}}, {"model": "store.stock", "pk": 12, "fields": {"product_details": 3, "branch": 1, "location_type": "warehouse", "quantity": 12}}, {"model": "store.stock", "pk": 13, "fields": {"product_details": 4, "branch": 2, "location_type": "showroom", "quantity": 1}}, {"model": "store.stock", "pk": 14, "fields": {"product_details": 4, "branch": 2, "location_type": "warehouse", "quantity": 0}}, {"model": "store.stock", "pk": 15, "fields": {"product_details": 4, "branch": 1, "location_type": "showroom", "quantity": 3}}, {"model": "store.stock", "pk": 16, "fields": {"product_details": 4, "branch": 1, "location_type": "warehouse", "quantity": 4}}, {"model": "store.stock", "pk": 17, "fields": {"product_details": 5, "branch": 2, "location_type": "warehouse", "quantity": 1}}, {"model": "store.stock", "pk": 18, "fields": {"product_details": 5, "branch": 1, "location_type": "warehouse", "quantity": 7}}, {"model": "store.stock", "pk": 19, "fields": {"product_details": 5, "branch": 2, "location_type": "showroom", "quantity": 2}}, {"model": "store.stock", "pk": 20, "fields": {"product_details": 5, "branch": 1, "location_type": "showroom", "quantity": 4}}, {"model": "store.stock", "pk": 21, "fields": {"product_details": 6, "branch": 1, "location_type": "showroom", "quantity": 1}}, {"model": "store.stock", "pk": 22, "fields": {"product_details": 6, "branch": 1, "location_type": "warehouse", "quantity": 15}}, {"model": "store.stock", "pk": 23, "fields": {"product_details": 6, "branch": 2, "location_type": "showroom", "quantity": 3}}, {"model": "store.stock", "pk": 24, "fields": {"product_details": 6, "branch": 2, "location_type": "warehouse", "quantity": 22}}, {"model": "store.stock", "pk": 25, "fields": {"product_details": 7, "branch": 2, "location_type": "showroom", "quantity": 2}}, {"model": "store.stock", "pk": 27, "fields": {"product_details": 7, "branch": 2, "location_type": "warehouse", "quantity": 7}}, {"model": "store.stock", "pk": 28, "fields": {"product_details": 7, "branch": 1, "location_type": "showroom", "quantity": 4}}, {"model": "store.stock", "pk": 29, "fields": {"product_details": 7, "branch": 1, "location_type": "warehouse", "quantity": 10}}, {"model": "store.stock", "pk": 30, "fields": {"product_details": 8, "branch": 2, "location_type": "showroom", "quantity": 0}}, {"model": "store.stock", "pk": 31, "fields": {"product_details": 8, "branch": 2, "location_type": "warehouse", "quantity": 2}}, {"model": "store.stock", "pk": 32, "fields": {"product_details": 8, "branch": 1, "location_type": "showroom", "quantity": 1}}, {"model": "store.stock", "pk": 33, "fields": {"product_details": 8, "branch": 1, "location_type": "warehouse", "quantity": 4}}, {"model": "store.stock", "pk": 34, "fields": {"product_details": 9, "branch": 2, "location_type": "showroom", "quantity": 5}}, {"model": "store.stock", "pk": 35, "fields": {"product_details": 9, "branch": 2, "location_type": "warehouse", "quantity": 5}}, {"model": "store.stock", "pk": 36, "fields": {"product_details": 9, "branch": 1, "location_type": "showroom", "quantity": 0}}, {"model": "store.stock", "pk": 37, "fields": {"product_details": 9, "branch": 1, "location_type": "warehouse", "quantity": 4}}, {"model": "store.stock", "pk": 38, "fields": {"product_details": 10, "branch": 2, "location_type": "showroom", "quantity": 3}}, {"model": "store.stock", "pk": 39, "fields": {"product_details": 10, "branch": 2, "location_type": "warehouse", "quantity": 2}}, {"model": "store.stock", "pk": 40, "fields": {"product_details": 10, "branch": 1, "location_type": "showroom", "quantity": 3}}, {"model": "store.stock", "pk": 41, "fields": {"product_details": 10, "branch": 1, "location_type": "warehouse", "quantity": 3}}, {"model": "store.stock", "pk": 42, "fields": {"product_details": 11, "branch": 2, "location_type": "warehouse", "quantity": 6}}, {"model": "store.stock", "pk": 43, "fields": {"product_details": 11, "branch": 2, "location_type": "warehouse", "quantity": 5}}, {"model": "store.stock", "pk": 44, "fields": {"product_details": 11, "branch": 1, "location_type": "showroom", "quantity": 1}}, {"model": "store.stock", "pk": 45, "fields": {"product_details": 11, "branch": 2, "location_type": "showroom", "quantity": 1}}, {"model": "store.customer", "pk": 1, "fields": {"name": "Ali Tammam", "phone": "39223611", "email": "Ali@gmail.com", "address": "Maqaba, Bahrain"}}, {"model": "store.customer", "pk": 3, "fields": {"name": "Zainab Saeed", "phone": "38382409", "email": "Zainab@gmail.com", "address": "Road 919\r\nBlock 509\r\nHouse 601\r\nMaqaba, Bahrain"}}, {"model": "store.customer", "pk": 4, "fields": {"name": "Nada Khadem", "phone": "33658776", "email": "nadaK@gmail.com", "address": "Maqaba - 601 - 919 - 509"}}, {"model": "store.customer", "pk": 6, "fields": {"name": "Tahera Jameel", "phone": "39001000", "email": "TaheraJ@gmail.com", "address": ""}}, {"model": "store.customer", "pk": 7, "fields": {"name": "Ahmed Ali", "phone": "34565434", "email": null, "address": ""}}, {"model": "store.customer", "pk": 9, "fields": {"name": "Zahraa Essa", "phone": "33543344", "email": "zahraEssa@hotmail.com", "address": ""}}, {"model": "store.customer", "pk": 10, "fields": {"name": "Mona Mohamed", "phone": "39090909", "email": "MonaMohamed@gmil.com", "address": ""}}, {"model": "store.customer", "pk": 12, "fields": {"name": "Layla Mohamed", "phone": "39009000", "email": "Layla12@gmail.com", "address": ""}}, {"model": "store.order", "pk": 1, "fields": {"customer": 1, "branch": 1, "created_by": ["Fatema_Alnajjas"], "order_type": "Delivery", "status": "Paid", "total_amount": "180.00", "note": "", "created_at": "2026-05-06T13:09:43.051Z"}}, {"model": "store.order", "pk": 3, "fields": {"customer": 1, "branch": 1, "created_by": ["maltammam"], "order_type": "Delivery", "status": "Paid", "total_amount": "380.00", "note": "", "created_at": "2026-05-12T13:01:33.317Z"}}, {"model": "store.order", "pk": 5, "fields": {"customer": 9, "branch": 1, "created_by": ["maltammam"], "order_type": "Delivery", "status": "Paid", "total_amount": "640.00", "note": "-", "created_at": "2026-05-13T12:52:06.221Z"}}, {"model": "store.order", "pk": 6, "fields": {"customer": 4, "branch": 1, "created_by": ["maltammam"], "order_type": "Delivery", "status": "Paid", "total_amount": "33.00", "note": "", "created_at": "2026-05-14T06:02:35.125Z"}}, {"model": "store.orderitem", "pk": 1, "fields": {"order": 1, "product_details": 2, "stock": 7, "quantity": 2, "unit_price": "90.00", "total_price": "180.00"}}, {"model": "store.orderitem", "pk": 2, "fields": {"order": 3, "product_details": 8, "stock": 32, "quantity": 1, "unit_price": "60.00", "total_price": "60.00"}}, {"model": "store.orderitem", "pk": 3, "fields": {"order": 3, "product_details": 1, "stock": 2, "quantity": 1, "unit_price": "320.00", "total_price": "320.00"}}, {"model": "store.orderitem", "pk": 5, "fields": {"order": 5, "product_details": 1, "stock": 3, "quantity": 2, "unit_price": "320.00", "total_price": "640.00"}}, {"model": "store.orderitem", "pk": 6, "fields": {"order": 6, "product_details": 10, "stock": 41, "quantity": 1, "unit_price": "33.00", "total_price": "33.00"}}, {"model": "admin.logentry", "pk": 1, "fields": {"action_time": "2026-05-06T10:37:42.379Z", "user": ["maltammam"], "content_type": ["store", "branch"], "object_id": "1", "object_repr": "Sar Branch", "action_flag": 1, "change_message": "[{\"added\": {}}]"}}, {"model": "admin.logentry", "pk": 2, "fields": {"action_time": "2026-05-06T10:38:44.874Z", "user": ["maltammam"], "content_type": ["store", "branch"], "object_id": "2", "object_repr": "Arad Branch", "action_flag": 1, "change_message": "[{\"added\": {}}]"}}, {"model": "admin.logentry", "pk": 3, "fields": {"action_time": "2026-05-06T10:42:50.629Z", "user": ["maltammam"], "content_type": ["store", "user"], "object_id": "2", "object_repr": "", "action_flag": 1, "change_message": "[{\"added\": {}}]"}}, {"model": "admin.logentry", "pk": 4, "fields": {"action_time": "2026-05-06T11:24:56.447Z", "user": ["maltammam"], "content_type": ["store", "user"], "object_id": "2", "object_repr": "Fatema Alnajjas", "action_flag": 2, "change_message": "[{\"changed\": {\"fields\": [\"First name\", \"Last name\", \"Email address\", \"User permissions\"]}}]"}}, {"model": "admin.logentry", "pk": 5, "fields": {"action_time": "2026-05-06T11:26:39.980Z", "user": ["maltammam"], "content_type": ["store", "branch"], "object_id": "1", "object_repr": "Sar Branch", "action_flag": 2, "change_message": "[{\"changed\": {\"fields\": [\"Address\"]}}]"}}, {"model": "admin.logentry", "pk": 6, "fields": {"action_time": "2026-05-06T11:26:53.144Z", "user": ["maltammam"], "content_type": ["store", "branch"], "object_id": "1", "object_repr": "Saar Branch", "action_flag": 2, "change_message": "[{\"changed\": {\"fields\": [\"Name\", \"Address\"]}}]"}}, {"model": "admin.logentry", "pk": 7, "fields": {"action_time": "2026-05-06T11:35:08.834Z", "user": ["maltammam"], "content_type": ["store", "user"], "object_id": "2", "object_repr": "Fatema Alnajjas", "action_flag": 2, "change_message": "[{\"changed\": {\"fields\": [\"Branch\"]}}]"}}, {"model": "admin.logentry", "pk": 8, "fields": {"action_time": "2026-05-06T11:38:46.174Z", "user": ["maltammam"], "content_type": ["store", "user"], "object_id": "3", "object_repr": "", "action_flag": 1, "change_message": "[{\"added\": {}}]"}}, {"model": "admin.logentry", "pk": 9, "fields": {"action_time": "2026-05-06T11:39:50.231Z", "user": ["maltammam"], "content_type": ["store", "user"], "object_id": "3", "object_repr": "Zainab Aljad", "action_flag": 2, "change_message": "[{\"changed\": {\"fields\": [\"First name\", \"Last name\", \"Email address\", \"User permissions\", \"Branch\"]}}]"}}, {"model": "admin.logentry", "pk": 10, "fields": {"action_time": "2026-05-06T11:40:03.913Z", "user": ["maltammam"], "content_type": ["store", "user"], "object_id": "2", "object_repr": "Fatema Alnajjas", "action_flag": 2, "change_message": "[{\"changed\": {\"fields\": [\"Username\"]}}]"}}, {"model": "admin.logentry", "pk": 11, "fields": {"action_time": "2026-05-06T11:40:57.591Z", "user": ["maltammam"], "content_type": ["store", "user"], "object_id": "2", "object_repr": "Fatema Alnajjas", "action_flag": 2, "change_message": "[]"}}, {"model": "admin.logentry", "pk": 12, "fields": {"action_time": "2026-05-06T12:44:27.456Z", "user": ["maltammam"], "content_type": ["store", "product"], "object_id": "1", "object_repr": "Oslo Sofa", "action_flag": 1, "change_message": "[{\"added\": {}}, {\"added\": {\"name\": \"product details\", \"object\": \"Oslo Sofa - SOF-001\"}}, {\"added\": {\"name\": \"product details\", \"object\": \"Oslo Sofa - SOF-002\"}}]"}}, {"model": "admin.logentry", "pk": 13, "fields": {"action_time": "2026-05-06T12:46:28.712Z", "user": ["maltammam"], "content_type": ["store", "product"], "object_id": "2", "object_repr": "Milano Desk", "action_flag": 1, "change_message": "[{\"added\": {}}, {\"added\": {\"name\": \"product details\", \"object\": \"Milano Desk - DSK-001\"}}]"}}, {"model": "admin.logentry", "pk": 14, "fields": {"action_time": "2026-05-06T12:48:46.672Z", "user": ["maltammam"], "content_type": ["store", "product"], "object_id": "3", "object_repr": "Porto Chair", "action_flag": 1, "change_message": "[{\"added\": {}}, {\"added\": {\"name\": \"product details\", \"object\": \"Porto Chair - CHR-001\"}}, {\"added\": {\"name\": \"product details\", \"object\": \"Porto Chair - CHR-002\"}}]"}}, {"model": "admin.logentry", "pk": 15, "fields": {"action_time": "2026-05-06T12:50:09.605Z", "user": ["maltammam"], "content_type": ["store", "customer"], "object_id": "1", "object_repr": "Ali Tammam", "action_flag": 1, "change_message": "[{\"added\": {}}]"}}, {"model": "admin.logentry", "pk": 16, "fields": {"action_time": "2026-05-06T12:50:59.248Z", "user": ["maltammam"], "content_type": ["store", "customer"], "object_id": "2", "object_repr": "Mohamed Khadem", "action_flag": 1, "change_message": "[{\"added\": {}}]"}}, {"model": "admin.logentry", "pk": 17, "fields": {"action_time": "2026-05-06T12:51:31.978Z", "user": ["maltammam"], "content_type": ["store", "customer"], "object_id": "3", "object_repr": "Zainab Saeed", "action_flag": 1, "change_message": "[{\"added\": {}}]"}}, {"model": "admin.logentry", "pk": 18, "fields": {"action_time": "2026-05-06T12:53:16.696Z", "user": ["maltammam"], "content_type": ["store", "stock"], "object_id": "1", "object_repr": "SOF-001 in Arad Branch", "action_flag": 1, "change_message": "[{\"added\": {}}]"}}, {"model": "admin.logentry", "pk": 19, "fields": {"action_time": "2026-05-06T12:54:03.284Z", "user": ["maltammam"], "content_type": ["store", "stock"], "object_id": "2", "object_repr": "SOF-001 in Saar Branch", "action_flag": 1, "change_message": "[{\"added\": {}}]"}}, {"model": "admin.logentry", "pk": 20, "fields": {"action_time": "2026-05-06T12:54:24.109Z", "user": ["maltammam"], "content_type": ["store", "stock"], "object_id": "1", "object_repr": "SOF-001 in Saar Branch", "action_flag": 2, "change_message": "[{\"changed\": {\"fields\": [\"Branch\", \"Quantity\"]}}]"}}, {"model": "admin.logentry", "pk": 21, "fields": {"action_time": "2026-05-06T12:54:42.901Z", "user": ["maltammam"], "content_type": ["store", "stock"], "object_id": "3", "object_repr": "SOF-002 in Arad Branch", "action_flag": 1, "change_message": "[{\"added\": {}}]"}}, {"model": "admin.logentry", "pk": 22, "fields": {"action_time": "2026-05-06T12:54:54.041Z", "user": ["maltammam"], "content_type": ["store", "stock"], "object_id": "4", "object_repr": "SOF-001 in Arad Branch", "action_flag": 1, "change_message": "[{\"added\": {}}]"}}, {"model": "admin.logentry", "pk": 23, "fields": {"action_time": "2026-05-06T12:54:59.313Z", "user": ["maltammam"], "content_type": ["store", "stock"], "object_id": "3", "object_repr": "SOF-001 in Arad Branch", "action_flag": 2, "change_message": "[{\"changed\": {\"fields\": [\"Product details\"]}}]"}}, {"model": "admin.logentry", "pk": 24, "fields": {"action_time": "2026-05-06T12:56:46.479Z", "user": ["maltammam"], "content_type": ["store", "stock"], "object_id": "5", "object_repr": "SOF-002 in Arad Branch", "action_flag": 1, "change_message": "[{\"added\": {}}]"}}, {"model": "admin.logentry", "pk": 25, "fields": {"action_time": "2026-05-06T12:56:59.783Z", "user": ["maltammam"], "content_type": ["store", "stock"], "object_id": "6", "object_repr": "SOF-002 in Arad Branch", "action_flag": 1, "change_message": "[{\"added\": {}}]"}}, {"model": "admin.logentry", "pk": 26, "fields": {"action_time": "2026-05-06T12:57:17.496Z", "user": ["maltammam"], "content_type": ["store", "stock"], "object_id": "7", "object_repr": "SOF-002 in Saar Branch", "action_flag": 1, "change_message": "[{\"added\": {}}]"}}, {"model": "admin.logentry", "pk": 27, "fields": {"action_time": "2026-05-06T12:57:30.150Z", "user": ["maltammam"], "content_type": ["store", "stock"], "object_id": "8", "object_repr": "SOF-002 in Saar Branch", "action_flag": 1, "change_message": "[{\"added\": {}}]"}}, {"model": "admin.logentry", "pk": 28, "fields": {"action_time": "2026-05-06T12:57:51.789Z", "user": ["maltammam"], "content_type": ["store", "stock"], "object_id": "9", "object_repr": "DSK-001 in Arad Branch", "action_flag": 1, "change_message": "[{\"added\": {}}]"}}, {"model": "admin.logentry", "pk": 29, "fields": {"action_time": "2026-05-06T12:57:58.441Z", "user": ["maltammam"], "content_type": ["store", "stock"], "object_id": "10", "object_repr": "DSK-001 in Arad Branch", "action_flag": 1, "change_message": "[{\"added\": {}}]"}}, {"model": "admin.logentry", "pk": 30, "fields": {"action_time": "2026-05-06T12:58:06.475Z", "user": ["maltammam"], "content_type": ["store", "stock"], "object_id": "11", "object_repr": "DSK-001 in Saar Branch", "action_flag": 1, "change_message": "[{\"added\": {}}]"}}, {"model": "admin.logentry", "pk": 31, "fields": {"action_time": "2026-05-06T12:58:19.104Z", "user": ["maltammam"], "content_type": ["store", "stock"], "object_id": "12", "object_repr": "DSK-001 in Saar Branch", "action_flag": 1, "change_message": "[{\"added\": {}}]"}}, {"model": "admin.logentry", "pk": 32, "fields": {"action_time": "2026-05-06T12:58:42.360Z", "user": ["maltammam"], "content_type": ["store", "stock"], "object_id": "13", "object_repr": "CHR-001 in Arad Branch", "action_flag": 1, "change_message": "[{\"added\": {}}]"}}, {"model": "admin.logentry", "pk": 33, "fields": {"action_time": "2026-05-06T12:59:10.398Z", "user": ["maltammam"], "content_type": ["store", "stock"], "object_id": "14", "object_repr": "CHR-001 in Arad Branch", "action_flag": 1, "change_message": "[{\"added\": {}}]"}}, {"model": "admin.logentry", "pk": 34, "fields": {"action_time": "2026-05-06T12:59:25.751Z", "user": ["maltammam"], "content_type": ["store", "stock"], "object_id": "15", "object_repr": "CHR-001 in Saar Branch", "action_flag": 1, "change_message": "[{\"added\": {}}]"}}, {"model": "admin.logentry", "pk": 35, "fields": {"action_time": "2026-05-06T12:59:34.821Z", "user": ["maltammam"], "content_type": ["store", "stock"], "object_id": "16", "object_repr": "CHR-001 in Saar Branch", "action_flag": 1, "change_message": "[{\"added\": {}}]"}}, {"model": "admin.logentry", "pk": 36, "fields": {"action_time": "2026-05-06T12:59:47.453Z", "user": ["maltammam"], "content_type": ["store", "stock"], "object_id": "17", "object_repr": "CHR-002 in Arad Branch", "action_flag": 1, "change_message": "[{\"added\": {}}]"}}, {"model": "admin.logentry", "pk": 37, "fields": {"action_time": "2026-05-06T13:00:12.494Z", "user": ["maltammam"], "content_type": ["store", "stock"], "object_id": "18", "object_repr": "CHR-002 in Saar Branch", "action_flag": 1, "change_message": "[{\"added\": {}}]"}}, {"model": "admin.logentry", "pk": 38, "fields": {"action_time": "2026-05-06T13:01:26.148Z", "user": ["maltammam"], "content_type": ["store", "stock"], "object_id": "17", "object_repr": "CHR-002 in Arad Branch", "action_flag": 2, "change_message": "[{\"changed\": {\"fields\": [\"Location type\"]}}]"}}, {"model": "admin.logentry", "pk": 39, "fields": {"action_time": "2026-05-06T13:01:53.608Z", "user": ["maltammam"], "content_type": ["store", "stock"], "object_id": "19", "object_repr": "CHR-002 in Arad Branch", "action_flag": 1, "change_message": "[{\"added\": {}}]"}}, {"model": "admin.logentry", "pk": 40, "fields": {"action_time": "2026-05-06T13:02:14.755Z", "user": ["maltammam"], "content_type": ["store", "stock"], "object_id": "20", "object_repr": "CHR-001 in Saar Branch", "action_flag": 1, "change_message": "[{\"added\": {}}]"}}, {"model": "admin.logentry", "pk": 41, "fields": {"action_time": "2026-05-06T13:09:43.066Z", "user": ["maltammam"], "content_type": ["store", "order"], "object_id": "1", "object_repr": "Order #1 - Ali Tammam", "action_flag": 1, "change_message": "[{\"added\": {}}, {\"added\": {\"name\": \"order item\", \"object\": \"2 x SOF-002\"}}]"}}, {"model": "admin.logentry", "pk": 42, "fields": {"action_time": "2026-05-07T07:10:02.363Z", "user": ["maltammam"], "content_type": ["store", "order"], "object_id": "1", "object_repr": "Order #1 - Ali Tammam", "action_flag": 2, "change_message": "[{\"changed\": {\"fields\": [\"Total amount\"]}}]"}}, {"model": "admin.logentry", "pk": 43, "fields": {"action_time": "2026-05-07T07:29:34.133Z", "user": ["maltammam"], "content_type": ["store", "product"], "object_id": "1", "object_repr": "Oslo Sofa", "action_flag": 2, "change_message": "[{\"changed\": {\"name\": \"product details\", \"object\": \"Oslo Sofa - SOF-001\", \"fields\": [\"Image\"]}}, {\"changed\": {\"name\": \"product details\", \"object\": \"Oslo Sofa - SOF-002\", \"fields\": [\"Image\"]}}]"}}, {"model": "admin.logentry", "pk": 44, "fields": {"action_time": "2026-05-07T07:33:44.252Z", "user": ["maltammam"], "content_type": ["store", "product"], "object_id": "2", "object_repr": "Milano Desk", "action_flag": 2, "change_message": "[{\"changed\": {\"name\": \"product details\", \"object\": \"Milano Desk - DSK-001\", \"fields\": [\"Image\"]}}]"}}, {"model": "admin.logentry", "pk": 45, "fields": {"action_time": "2026-05-07T07:36:30.895Z", "user": ["maltammam"], "content_type": ["store", "product"], "object_id": "3", "object_repr": "Porto Chair", "action_flag": 2, "change_message": "[{\"changed\": {\"name\": \"product details\", \"object\": \"Porto Chair - CHR-001\", \"fields\": [\"Image\"]}}, {\"changed\": {\"name\": \"product details\", \"object\": \"Porto Chair - CHR-002\", \"fields\": [\"Image\"]}}]"}}, {"model": "admin.logentry", "pk": 46, "fields": {"action_time": "2026-05-07T08:32:45.880Z", "user": ["maltammam"], "content_type": ["store", "user"], "object_id": "1", "object_repr": "", "action_flag": 2, "change_message": "[{\"changed\": {\"fields\": [\"Branch\"]}}]"}}, {"model": "admin.logentry", "pk": 47, "fields": {"action_time": "2026-05-07T10:14:19.159Z", "user": ["maltammam"], "content_type": ["store", "stock"], "object_id": "20", "object_repr": "CHR-002 in Saar Branch", "action_flag": 2, "change_message": "[{\"changed\": {\"fields\": [\"Product details\"]}}]"}}, {"model": "admin.logentry", "pk": 48, "fields": {"action_time": "2026-05-07T10:18:28.979Z", "user": ["maltammam"], "content_type": ["store", "stock"], "object_id": "7", "object_repr": "SOF-002 in Saar Branch", "action_flag": 2, "change_message": "[{\"changed\": {\"fields\": [\"Quantity\"]}}]"}}, {"model": "admin.logentry", "pk": 49, "fields": {"action_time": "2026-05-07T10:32:04.977Z", "user": ["maltammam"], "content_type": ["store", "user"], "object_id": "1", "object_repr": "Maryam Altammam", "action_flag": 2, "change_message": "[{\"changed\": {\"fields\": [\"Username\", \"First name\", \"Last name\", \"User permissions\"]}}]"}}, {"model": "admin.logentry", "pk": 50, "fields": {"action_time": "2026-05-10T07:02:35.914Z", "user": ["maltammam"], "content_type": ["store", "orderitem"], "object_id": "1", "object_repr": "2 x SOF-002", "action_flag": 2, "change_message": "[{\"changed\": {\"fields\": [\"Stock\"]}}]"}}, {"model": "admin.logentry", "pk": 51, "fields": {"action_time": "2026-05-10T07:12:26.095Z", "user": ["maltammam"], "content_type": ["store", "orderitem"], "object_id": "1", "object_repr": "2 x SOF-002", "action_flag": 2, "change_message": "[{\"changed\": {\"fields\": [\"Stock\"]}}]"}}, {"model": "admin.logentry", "pk": 52, "fields": {"action_time": "2026-05-10T10:17:03.809Z", "user": ["maltammam"], "content_type": ["store", "order"], "object_id": "1", "object_repr": "Order #1 - Ali Tammam", "action_flag": 2, "change_message": "[{\"changed\": {\"fields\": [\"Branch\"]}}]"}}, {"model": "admin.logentry", "pk": 53, "fields": {"action_time": "2026-05-10T11:59:25.367Z", "user": ["maltammam"], "content_type": ["store", "category"], "object_id": "1", "object_repr": "Living Room", "action_flag": 1, "change_message": "[{\"added\": {}}]"}}, {"model": "admin.logentry", "pk": 54, "fields": {"action_time": "2026-05-10T11:59:29.915Z", "user": ["maltammam"], "content_type": ["store", "category"], "object_id": "2", "object_repr": "Outdoor", "action_flag": 1, "change_message": "[{\"added\": {}}]"}}, {"model": "admin.logentry", "pk": 55, "fields": {"action_time": "2026-05-10T11:59:33.603Z", "user": ["maltammam"], "content_type": ["store", "category"], "object_id": "3", "object_repr": "Office", "action_flag": 1, "change_message": "[{\"added\": {}}]"}}, {"model": "admin.logentry", "pk": 56, "fields": {"action_time": "2026-05-10T11:59:37.543Z", "user": ["maltammam"], "content_type": ["store", "category"], "object_id": "4", "object_repr": "Bedroom", "action_flag": 1, "change_message": "[{\"added\": {}}]"}}, {"model": "admin.logentry", "pk": 57, "fields": {"action_time": "2026-05-10T12:00:03.859Z", "user": ["maltammam"], "content_type": ["store", "product"], "object_id": "3", "object_repr": "Porto Chair", "action_flag": 2, "change_message": "[{\"changed\": {\"fields\": [\"Category\"]}}]"}}, {"model": "admin.logentry", "pk": 58, "fields": {"action_time": "2026-05-10T12:00:10.287Z", "user": ["maltammam"], "content_type": ["store", "product"], "object_id": "3", "object_repr": "Porto Chair", "action_flag": 2, "change_message": "[]"}}, {"model": "admin.logentry", "pk": 59, "fields": {"action_time": "2026-05-10T12:00:15.809Z", "user": ["maltammam"], "content_type": ["store", "product"], "object_id": "3", "object_repr": "Porto Chair", "action_flag": 2, "change_message": "[]"}}, {"model": "admin.logentry", "pk": 60, "fields": {"action_time": "2026-05-10T12:00:21.754Z", "user": ["maltammam"], "content_type": ["store", "product"], "object_id": "2", "object_repr": "Milano Desk", "action_flag": 2, "change_message": "[{\"changed\": {\"fields\": [\"Category\"]}}]"}}, {"model": "admin.logentry", "pk": 61, "fields": {"action_time": "2026-05-10T12:00:27.568Z", "user": ["maltammam"], "content_type": ["store", "product"], "object_id": "1", "object_repr": "Oslo Sofa", "action_flag": 2, "change_message": "[{\"changed\": {\"fields\": [\"Category\"]}}]"}}, {"model": "admin.logentry", "pk": 62, "fields": {"action_time": "2026-05-10T12:14:45.564Z", "user": ["maltammam"], "content_type": ["store", "stock"], "object_id": "8", "object_repr": "SOF-002 in Saar Branch", "action_flag": 2, "change_message": "[{\"changed\": {\"fields\": [\"Quantity\"]}}]"}}, {"model": "admin.logentry", "pk": 63, "fields": {"action_time": "2026-05-10T12:15:10.958Z", "user": ["maltammam"], "content_type": ["store", "stock"], "object_id": "5", "object_repr": "SOF-002 in Arad Branch", "action_flag": 2, "change_message": "[{\"changed\": {\"fields\": [\"Quantity\"]}}]"}}, {"model": "admin.logentry", "pk": 64, "fields": {"action_time": "2026-05-11T10:58:38.058Z", "user": ["maltammam"], "content_type": ["store", "product"], "object_id": "4", "object_repr": "Nordic Bed", "action_flag": 1, "change_message": "[{\"added\": {}}, {\"added\": {\"name\": \"product details\", \"object\": \"Nordic Bed - BED-001\"}}, {\"added\": {\"name\": \"product details\", \"object\": \"Nordic Bed - BED-002\"}}, {\"added\": {\"name\": \"product details\", \"object\": \"Nordic Bed - BED-003\"}}]"}}, {"model": "admin.logentry", "pk": 65, "fields": {"action_time": "2026-05-11T10:59:33.692Z", "user": ["maltammam"], "content_type": ["store", "stock"], "object_id": "21", "object_repr": "BED-001 in Saar Branch", "action_flag": 1, "change_message": "[{\"added\": {}}]"}}, {"model": "admin.logentry", "pk": 66, "fields": {"action_time": "2026-05-11T10:59:49.205Z", "user": ["maltammam"], "content_type": ["store", "stock"], "object_id": "22", "object_repr": "BED-001 in Saar Branch", "action_flag": 1, "change_message": "[{\"added\": {}}]"}}, {"model": "admin.logentry", "pk": 67, "fields": {"action_time": "2026-05-11T11:00:04.107Z", "user": ["maltammam"], "content_type": ["store", "stock"], "object_id": "23", "object_repr": "BED-001 in Arad Branch", "action_flag": 1, "change_message": "[{\"added\": {}}]"}}, {"model": "admin.logentry", "pk": 68, "fields": {"action_time": "2026-05-11T11:00:17.499Z", "user": ["maltammam"], "content_type": ["store", "stock"], "object_id": "24", "object_repr": "BED-001 in Arad Branch", "action_flag": 1, "change_message": "[{\"added\": {}}]"}}, {"model": "admin.logentry", "pk": 69, "fields": {"action_time": "2026-05-11T11:00:31.437Z", "user": ["maltammam"], "content_type": ["store", "stock"], "object_id": "25", "object_repr": "BED-002 in Arad Branch", "action_flag": 1, "change_message": "[{\"added\": {}}]"}}, {"model": "admin.logentry", "pk": 70, "fields": {"action_time": "2026-05-11T11:00:52.381Z", "user": ["maltammam"], "content_type": ["store", "stock"], "object_id": "26", "object_repr": "BED-002 in Arad Branch", "action_flag": 1, "change_message": "[{\"added\": {}}]"}}, {"model": "admin.logentry", "pk": 71, "fields": {"action_time": "2026-05-11T11:00:52.732Z", "user": ["maltammam"], "content_type": ["store", "stock"], "object_id": "27", "object_repr": "BED-002 in Arad Branch", "action_flag": 1, "change_message": "[{\"added\": {}}]"}}, {"model": "admin.logentry", "pk": 72, "fields": {"action_time": "2026-05-11T11:01:02.197Z", "user": ["maltammam"], "content_type": ["store", "stock"], "object_id": "28", "object_repr": "BED-002 in Saar Branch", "action_flag": 1, "change_message": "[{\"added\": {}}]"}}, {"model": "admin.logentry", "pk": 73, "fields": {"action_time": "2026-05-11T11:01:10.502Z", "user": ["maltammam"], "content_type": ["store", "stock"], "object_id": "29", "object_repr": "BED-002 in Saar Branch", "action_flag": 1, "change_message": "[{\"added\": {}}]"}}, {"model": "admin.logentry", "pk": 74, "fields": {"action_time": "2026-05-11T11:01:33.439Z", "user": ["maltammam"], "content_type": ["store", "stock"], "object_id": "26", "object_repr": "BED-002 in Arad Branch", "action_flag": 3, "change_message": ""}}, {"model": "admin.logentry", "pk": 75, "fields": {"action_time": "2026-05-11T11:03:54.573Z", "user": ["maltammam"], "content_type": ["store", "stock"], "object_id": "30", "object_repr": "BED-003 in Arad Branch", "action_flag": 1, "change_message": "[{\"added\": {}}]"}}, {"model": "admin.logentry", "pk": 76, "fields": {"action_time": "2026-05-11T11:04:06.437Z", "user": ["maltammam"], "content_type": ["store", "stock"], "object_id": "31", "object_repr": "BED-003 in Arad Branch", "action_flag": 1, "change_message": "[{\"added\": {}}]"}}, {"model": "admin.logentry", "pk": 77, "fields": {"action_time": "2026-05-11T11:04:16.779Z", "user": ["maltammam"], "content_type": ["store", "stock"], "object_id": "32", "object_repr": "BED-003 in Saar Branch", "action_flag": 1, "change_message": "[{\"added\": {}}]"}}, {"model": "admin.logentry", "pk": 78, "fields": {"action_time": "2026-05-11T11:04:31.496Z", "user": ["maltammam"], "content_type": ["store", "stock"], "object_id": "33", "object_repr": "BED-003 in Saar Branch", "action_flag": 1, "change_message": "[{\"added\": {}}]"}}, {"model": "admin.logentry", "pk": 79, "fields": {"action_time": "2026-05-11T11:11:25.343Z", "user": ["maltammam"], "content_type": ["store", "product"], "object_id": "5", "object_repr": "Cairo Armchair", "action_flag": 1, "change_message": "[{\"added\": {}}, {\"added\": {\"name\": \"product details\", \"object\": \"Cairo Armchair - CHR-003\"}}, {\"added\": {\"name\": \"product details\", \"object\": \"Cairo Armchair - CHR-004\"}}]"}}, {"model": "admin.logentry", "pk": 80, "fields": {"action_time": "2026-05-11T11:12:13.687Z", "user": ["maltammam"], "content_type": ["store", "stock"], "object_id": "34", "object_repr": "CHR-003 in Arad Branch", "action_flag": 1, "change_message": "[{\"added\": {}}]"}}, {"model": "admin.logentry", "pk": 81, "fields": {"action_time": "2026-05-11T11:12:21.017Z", "user": ["maltammam"], "content_type": ["store", "stock"], "object_id": "35", "object_repr": "CHR-003 in Arad Branch", "action_flag": 1, "change_message": "[{\"added\": {}}]"}}, {"model": "admin.logentry", "pk": 82, "fields": {"action_time": "2026-05-11T11:12:54.059Z", "user": ["maltammam"], "content_type": ["store", "stock"], "object_id": "36", "object_repr": "CHR-003 in Saar Branch", "action_flag": 1, "change_message": "[{\"added\": {}}]"}}, {"model": "admin.logentry", "pk": 83, "fields": {"action_time": "2026-05-11T11:13:07.123Z", "user": ["maltammam"], "content_type": ["store", "stock"], "object_id": "37", "object_repr": "CHR-003 in Saar Branch", "action_flag": 1, "change_message": "[{\"added\": {}}]"}}, {"model": "admin.logentry", "pk": 84, "fields": {"action_time": "2026-05-11T11:13:54.234Z", "user": ["maltammam"], "content_type": ["store", "stock"], "object_id": "38", "object_repr": "CHR-004 in Arad Branch", "action_flag": 1, "change_message": "[{\"added\": {}}]"}}, {"model": "admin.logentry", "pk": 85, "fields": {"action_time": "2026-05-11T11:14:35.212Z", "user": ["maltammam"], "content_type": ["store", "stock"], "object_id": "39", "object_repr": "CHR-004 in Arad Branch", "action_flag": 1, "change_message": "[{\"added\": {}}]"}}, {"model": "admin.logentry", "pk": 86, "fields": {"action_time": "2026-05-11T11:14:44.261Z", "user": ["maltammam"], "content_type": ["store", "stock"], "object_id": "40", "object_repr": "CHR-004 in Saar Branch", "action_flag": 1, "change_message": "[{\"added\": {}}]"}}, {"model": "admin.logentry", "pk": 87, "fields": {"action_time": "2026-05-11T11:14:51.815Z", "user": ["maltammam"], "content_type": ["store", "stock"], "object_id": "41", "object_repr": "CHR-004 in Saar Branch", "action_flag": 1, "change_message": "[{\"added\": {}}]"}}, {"model": "admin.logentry", "pk": 88, "fields": {"action_time": "2026-05-11T11:19:00.730Z", "user": ["maltammam"], "content_type": ["store", "product"], "object_id": "6", "object_repr": "Garden Sofa Set", "action_flag": 1, "change_message": "[{\"added\": {}}, {\"added\": {\"name\": \"product details\", \"object\": \"Garden Sofa Set - OUT-001\"}}]"}}, {"model": "admin.logentry", "pk": 89, "fields": {"action_time": "2026-05-11T11:19:37.510Z", "user": ["maltammam"], "content_type": ["store", "product"], "object_id": "6", "object_repr": "Garden Sofa Set", "action_flag": 2, "change_message": "[{\"changed\": {\"name\": \"product details\", \"object\": \"Garden Sofa Set - OUT-001\", \"fields\": [\"Image\"]}}]"}}, {"model": "admin.logentry", "pk": 90, "fields": {"action_time": "2026-05-11T11:20:10.995Z", "user": ["maltammam"], "content_type": ["store", "stock"], "object_id": "42", "object_repr": "OUT-001 in Arad Branch", "action_flag": 1, "change_message": "[{\"added\": {}}]"}}, {"model": "admin.logentry", "pk": 91, "fields": {"action_time": "2026-05-11T11:20:20.720Z", "user": ["maltammam"], "content_type": ["store", "stock"], "object_id": "43", "object_repr": "OUT-001 in Arad Branch", "action_flag": 1, "change_message": "[{\"added\": {}}]"}}, {"model": "admin.logentry", "pk": 92, "fields": {"action_time": "2026-05-11T11:20:29.342Z", "user": ["maltammam"], "content_type": ["store", "stock"], "object_id": "44", "object_repr": "OUT-001 in Saar Branch", "action_flag": 1, "change_message": "[{\"added\": {}}]"}}, {"model": "admin.logentry", "pk": 93, "fields": {"action_time": "2026-05-11T11:20:52.230Z", "user": ["maltammam"], "content_type": ["store", "stock"], "object_id": "45", "object_repr": "OUT-001 in Saar Branch", "action_flag": 1, "change_message": "[{\"added\": {}}]"}}, {"model": "admin.logentry", "pk": 94, "fields": {"action_time": "2026-05-11T11:21:01.554Z", "user": ["maltammam"], "content_type": ["store", "stock"], "object_id": "45", "object_repr": "OUT-001 in Arad Branch", "action_flag": 2, "change_message": "[{\"changed\": {\"fields\": [\"Branch\"]}}]"}}, {"model": "admin.logentry", "pk": 95, "fields": {"action_time": "2026-05-11T11:21:33.922Z", "user": ["maltammam"], "content_type": ["store", "stock"], "object_id": "42", "object_repr": "OUT-001 in Arad Branch", "action_flag": 2, "change_message": "[{\"changed\": {\"fields\": [\"Location type\", \"Quantity\"]}}]"}}, {"model": "admin.logentry", "pk": 96, "fields": {"action_time": "2026-05-12T06:29:29.429Z", "user": ["maltammam"], "content_type": ["store", "user"], "object_id": "1", "object_repr": "Maryam Altammam", "action_flag": 2, "change_message": "[{\"changed\": {\"fields\": [\"Username\"]}}]"}}, {"model": "admin.logentry", "pk": 97, "fields": {"action_time": "2026-05-12T06:29:38.043Z", "user": ["maltammam"], "content_type": ["store", "user"], "object_id": "1", "object_repr": "Maryam Altammam", "action_flag": 2, "change_message": "[{\"changed\": {\"fields\": [\"Branch\"]}}]"}}, {"model": "admin.logentry", "pk": 98, "fields": {"action_time": "2026-05-12T06:30:42.486Z", "user": ["maltammam"], "content_type": ["store", "user"], "object_id": "1", "object_repr": "Maryam Altammam", "action_flag": 2, "change_message": "[{\"changed\": {\"fields\": [\"Branch\"]}}]"}}]
